Constants,Invertase,Amylase,Amylase,Amylase,Amylase,Amylase
Temp (degC),24,30,37,40,44,48
Eo (M),7.26E-08,0,0,0,0,0
Km (M),0.0209143,4.40095E-08,4.66533E-08,4.77048E-08,4.70857E-08,4.52152E-08
kcat (min^-1),98.9095,0,0,0,0,0
Vm (M/min),0.000007181,2.27909E-08,2.29234E-08,2.30046E-08,2.29371E-08,2.27634E-08
